Feather,Grade,DistanceFromRachis,Length,VaneToEdge,Position,Edge,Habitat
3h,light,1.92,5.17,0,Distal,Leading,rural
3h,light,3.64,3.21,0,Distal,Leading,rural
3h,light,6.31,20.23,0,Distal,Trailing,rural
3h,light,4.28,19.85,0,Distal,Trailing,rural
3h,light,6.67,17.81,0,Distal,Trailing,rural
3h,light,3.95,3.23,13.98,Distal,Trailing,rural
3h,light,6.83,4.9,0.89,Distal,Trailing,rural
3x,light,5.12,5.71,4.03,Middle,Leading,rural
3x,medium,5.02,5.09,4.7,Middle,Leading,rural
3x,medium,8.89,2.51,2.57,Middle,Leading,rural
3x,medium,4.64,4.95,3.81,Middle,Leading,rural
3x,medium,8.11,2.86,1.78,Middle,Leading,rural
3x,medium,7.48,5.72,0,Middle,Leading,rural
3x,medium,5.87,6.02,0,Distal,Leading,rural
3x,medium,4.59,3.37,4.9,Distal,Leading,rural
3x,light,5.95,3.54,2.53,Distal,Leading,rural
3x,medium,8.75,2.42,0,Distal,Leading,rural
3x,light,0,9.81,0,Basal,Trailing,rural
3x,light,7.11,4.68,0,Middle,Trailing,rural
3x,medium,6.24,5.61,1.78,Middle,Trailing,rural
3x,medium,8.71,3.62,0,Middle,Trailing,rural
3x,medium,4.4,8.66,0.91,Middle,Trailing,rural
3x,medium,6.66,6.07,1.3,Middle,Trailing,rural
3x,medium,4.99,9.02,0,Middle,Trailing,rural
3x,medium,7.31,5.4,0,Middle,Trailing,rural
3x,medium,3.63,11.16,0,Middle,Trailing,rural
3x,medium,5.6,7.96,1.09,Middle,Trailing,rural
3x,medium,8.56,5.21,0,Middle,Trailing,rural
3x,medium,2.72,11.27,1.1,Middle,Trailing,rural
3x,medium,5.87,8.08,0,Middle,Trailing,rural
3x,medium,7.81,6.12,0,Distal,Trailing,rural
3x,medium,3.57,7.03,4.82,Distal,Trailing,rural
3x,medium,4.75,8.81,1.52,Distal,Trailing,rural
3x,light,5.38,6.8,0,Distal,Trailing,rural
3x,medium,5.22,8.01,2.31,Distal,Trailing,rural
3x,medium,8.99,6.02,0,Distal,Trailing,rural
3x,light,8.81,5.53,0,Distal,Trailing,rural
3x,light,2.5,7.12,3.39,Distal,Trailing,rural
3L,light,2.69,4.18,3.65,Basal,Leading,rural
3L,light,7,1.21,2.78,Basal,Leading,rural
3L,light,6.67,1.91,2.62,Basal,Leading,rural
3L,light,6.38,3.7,1.61,Middle,Leading,rural
3L,light,8.14,2.02,1.92,Middle,Leading,rural
3L,light,6.14,5.33,0,Distal,Leading,rural
3L,medium,0,10.3,2.51,Distal,Leading,rural
3L,light,3.13,1.44,6.1,Distal,Leading,rural
3L,light,3.08,20.5,0,Distal,Trailing,rural
3L,light,11.87,2.7,8.41,Distal,Trailing,rural
3L,light,3.57,18.26,0,Distal,Trailing,rural
3L,light,15.81,1.9,3.65,Distal,Trailing,rural
14,light,6.02,10.9,0,Basal,Trailing,urban
14,light,7.24,10.21,0,Middle,Leading,urban
15b,medium,0,8.84,0,Basal,Leading,urban
15b,medium,0,4.52,10.09,Middle,Leading,urban
15b,medium,11.33,3.71,0,Middle,Leading,urban
15b,strong,3.09,12.44,0,Middle,Leading,urban
15b,strong,4.41,7.69,0,Middle,Leading,urban
15b,strong,0,2.97,21.6,Middle,Trailing,urban
15b,medium,0,29.01,0,Middle,Trailing,urban
15b,medium,0,26.05,0,Middle,Trailing,urban
15b,light,11.52,2.58,9.12,Distal,Trailing,urban
15b,medium,12.1,2.67,5.07,Distal,Trailing,urban
19,light,5.01,9.01,19.95,Middle,Trailing,rural
19,light,5.2,3.2,25.62,Middle,Trailing,rural
19,light,3.75,11.19,21,Distal,Trailing,rural
19,light,4.4,6.6,24.01,Distal,Trailing,rural
19,light,5.45,4.63,23.28,Distal,Trailing,rural
19,light,3.99,8.16,22.08,Distal,Trailing,rural
19,light,11.85,6.79,15.31,Distal,Trailing,rural
19,light,4.34,12.46,16.43,Distal,Trailing,rural
19,light,5.21,9.38,14.38,Distal,Trailing,rural
19,light,7.69,10.1,14.9,Distal,Trailing,rural
19,light,3.79,12.83,13.38,Distal,Trailing,rural
19,light,4.75,8.17,13.02,Distal,Trailing,rural
19,light,5.86,14.72,11.66,Distal,Trailing,rural
19,light,6.22,10.94,9.73,Distal,Trailing,rural
19,light,2.55,18.79,4.59,Distal,Trailing,rural
20,light,2.47,4.2,7.47,Basal,leading,rural
20,light,11.91,5.63,0,Middle,leading,rural
20,light,0,16.45,4.2,Middle,leading,rural
20,light,0,5.2,12.51,Middle,Leading,rural
20,light,0,1.38,18.63,Distal,Trailing,rural
22,light,3.27,4.77,0,Middle,Leading,rural
22,medium,0,7.42,0,Middle,Leading,rural
22,medium,0,8.39,0,Distal,Leading,rural
22,medium,5.86,2.29,0,Distal,Leading,rural
22,light,16.5,4.33,2.54,Basal,Trailing,rural
22,light,8.01,11.03,6.64,Middle,Trailing,rural
22,light,0,28.79,0,Distal,Trailing,rural
22,light,0,18.88,7.75,Distal,Trailing,rural
22,light,8.37,22.02,0,Distal,Trailing,rural
22,light,7.02,19.94,0,Distal,Trailing,rural
22,medium,0,18.21,5.03,Distal,Trailing,rural
22,medium,11.61,2.49,5.91,Distal,Trailing,rural
39,medium,7.82,21.69,1.98,Middle,Trailing,rural
40,medium,0,3.24,24.39,Basal,Trailing,rural
40,medium,0,4.32,8.93,Basal,Leading,rural
40,light,1.62,8.86,3.57,Distal,Trailing,rural
40,light,3.74,10.24,0,Distal,Trailing,rural
40,light,0,6.7,20.55,Distal,Leading,rural
42,light,8.24,2.04,7.97,Basal,Trailing,rural
42,medium,0,18.01,8.46,Middle,Trailing,rural
42,light,1.84,14.02,9.01,Distal,Trailing,rural
48,light,8.66,1.94,0,Basal,Leading,rural
52,medium,0,2.5,9.26,Middle,Leading,rural
52,medium,0,6.87,5.8,Middle,Leading,rural
54,medium,0,2.43,3.37,Basal,Leading,rural
54,medium,4.11,3.22,15.4,Middle,Trailing,rural
54,light,12.32,5.59,5.91,Distal,Trailing,rural
54,light,14.4,5.67,3.89,Distal,Trailing,rural
55,light,0,3.89,0,Basal,Trailing,rural
62,medium,0,2.55,14.02,Middle,Leading,rural
62,medium,9.94,3.8,2.17,Basal,Leading,rural
62,light,0,11.22,5.84,Distal,Leading,rural
62,light,5.92,3.85,13.77,Middle,Trailing,rural
63,light,10.23,3.92,0,Basal,Leading,rural
63,light,5.92,8.81,0,Basal,Leading,rural
63,light,10.14,5.88,0,Basal,Leading,rural
65,light,0,6.4,11.34,Basal,Trailing,rural
65,light,9.76,8.73,3.39,Basal,Trailing,rural
71,medium,8.21,2.94,1.71,Middle,Leading,rural
71,light,0,2.92,9.33,Middle,Leading,rural
71,medium,1.85,10.72,0,Middle,Leading,rural
71,light,0,1.61,9.71,Middle,Leading,rural
71,medium,0,2.82,8.61,Middle,Leading,rural
71,light,0,4.21,8.86,Distal,Leading,rural
71,strong,2.17,10.19,0,Distal,Leading,rural
71,medium,0,12.73,0,Distal,Leading,rural
71,medium,0,9.66,0,Distal,Leading,rural
71,medium,0,5.71,4.44,Distal,Leading,rural
71,strong,0,11.59,0,Distal,Leading,rural
71,light,0,4.08,11.18,Basal,Trailing,rural
71,light,1.21,2.76,11.51,Middle,Trailing,rural
71,light,0,16.17,0,Middle,Trailing,rural
71,light,7.49,8.33,0,Middle,Trailing,rural
71,light,1.92,13.86,0,Middle,Trailing,rural
71,medium,0,14.37,1.82,Middle,Trailing,rural
71,light,0,5.5,11.54,Distal,Trailing,rural
71,light,2.42,2.95,12.01,Distal,Trailing,rural
71,medium,0,8.31,9.32,Distal,Trailing,rural
71,medium,2.91,1.71,13.18,Distal,Trailing,rural
71,light,0,8.61,7.25,Distal,Trailing,rural
71,light,4.38,2.14,9.5,Distal,Trailing,rural
71,medium,0,17.97,0,Distal,Trailing,rural
71,medium,2.73,12.75,2.9,Distal,Trailing,rural
71,strong,0,15.05,0,Distal,Trailing,rural
74,medium,10.85,1.58,1.97,Distal,Leading,rural
74,medium,9.6,4.41,0.63,Distal,Leading,rural
74,light,0,3.74,11.43,Basal,Trailing,rural
74,light,0,2.92,16.32,Basal,Trailing,rural
74,medium,9.41,17.71,NA,Distal,Trailing,rural
74,light,19.89,4.34,3.43,Distal,Trailing,rural
82,medium,0,1.08,7.54,Basal,Leading,rural
82,light,3,1,7.37,Basal,Leading,rural
82,medium,3.22,1.59,6.44,Basal,Leading,rural
82,medium,1.12,1.83,9.57,Basal,Leading,rural
82,light,6.84,8.03,0,Middle,Trailing,rural
82,light,7.19,2.09,5.21,Middle,Trailing,rural
82,medium,3.05,1.66,10.77,Middle,Trailing,rural
82,light,11.78,2.26,3.13,Middle,Trailing,rural
82,medium,2,2.87,12.41,Distal,Trailing,rural
84,medium,0.85,1.29,8.94,Middle,Leading,urban
84,light,5.87,3.31,17.21,Basal,Trailing,urban
84,light,22.48,5.49,0,Middle,Trailing,urban
84,light,6.31,3.05,21.15,Middle,Trailing,urban
84,light,3.79,1.69,29.6,Middle,Trailing,urban
84,medium,3.5,18.8,6.38,Distal,Trailing,urban
84,medium,15.3,6.34,6.79,Distal,Trailing,urban
84,medium,0,18.96,12.23,Distal,Trailing,urban
85,light,8.43,1.95,0.59,Basal,Leading,NA
85,light,0,5.28,6.55,Middle,Leading,NA
85,light,0,10.64,0,Middle,Leading,NA
85,light,5.74,2.14,2.47,Middle,Leading,NA
85,light,7.14,2.57,1.42,Middle,Leading,NA
85,light,0,8.52,3.55,Distal,Leading,NA
85,light,0,7.75,2.91,Distal,Leading,NA
85,medium,6.64,4.51,2.41,Distal,Leading,NA
85,medium,8.24,3.44,0.89,Distal,Leading,NA
85,medium,16.01,3.62,3.17,Basal,Trailing,NA
85,medium,5.77,21.26,2.37,Middle,Trailing,NA
85,light,0,6.01,24.98,Middle,Trailing,NA
92,light,0,15.08,10,Distal,Trailing,rural
127,medium,6.44,27.4,0,Distal,Trailing,rural
128,light,17.74,6.97,4.42,Basal,Trailing,rural
128,medium,15.35,3.67,10.62,Distal,Trailing,rural
129,light,6.85,3.04,13.08,Distal,Trailing,NA
129,light,1.59,1.77,5.82,Distal,Trailing,NA
130,light,6.74,3.68,11.97,Distal,Trailing,rural
130,light,4.8,2.43,1.4,Distal,Trailing,rural
138,light,3.24,1.94,2.78,Distal,Leading,rural
138,light,5.94,3.38,0,Distal,Leading,rural
138,light,0.88,5.33,2.9,Distal,Leading,rural
138,light,1.05,2.1,6.11,Distal,Leading,rural
138,light,2.4,6.02,NA,Distal,Leading,rural
138,light,4.53,5.36,NA,Distal,Leading,rural
138,light,0,9.43,0,Distal,Leading,rural
138,light,4.4,4.45,0,Distal,Leading,rural
138,light,0,39.87,0,Distal,Trailing,rural
146,light,0,4.02,7.65,Basal,Leading,rural
146,light,0,13.53,0,Distal,Leading,rural
146,light,0,12.45,1.65,Distal,Leading,rural
146,light,0,5.75,6.65,Distal,Leading,rural
146,light,0,12.17,0,Distal,Leading,rural
146,light,0,29.58,0,Distal,Trailing,rural
146,light,1.89,3.14,21.72,Distal,Trailing,rural
146,light,2.78,2.34,19.4,Distal,Trailing,rural
146,light,2.98,2.96,15.3,Distal,Trailing,rural
146,light,3.52,3.26,12.52,Distal,Trailing,rural
169,medium,4.81,3.63,5.97,Basal,Leading,rural
169,medium,14.14,1.22,0,Middle,Leading,rural
169,light,14.39,2.76,2.16,Middle,Leading,rural
169,light,7.86,4.07,7.21,Middle,Leading,rural
169,light,4.67,4.19,4.58,Distal,Leading,rural
169,light,0,1.82,845,Distal,Leading,rural
169,light,3.68,4.83,5.49,Basal,Trailing,rural
169,medium,15.46,4.25,1.06,Basal,Trailing,rural
169,light,18.31,1.71,3.17,Middle,Trailing,rural
169,light,11.57,2.8,6.34,Distal,Trailing,rural
169,light,4.21,4.83,4.39,Distal,Trailing,rural
169,medium,0,3.52,7.98,Distal,Trailing,rural
172a,light,6.02,4.9,3.64,Distal,Leading,rural
172a,light,9.05,5.57,3.86,Distal,Trailing,rural
172a,light,0,12.89,1.9,Distal,Trailing,rural
183,NA,NA,NA,NA,NA,NA,rural
185b,medium,2.81,2.62,11.65,Basal,Trailing,urban
188,light,8.95,2.75,0,Basal,Trailing,NA
188,medium,0.78,2.18,7.25,Basal,Leading,NA
188,medium,0,2.3,14.81,Basal,Trailing,NA
200a,light,0,6.26,0,Basal,Leading,rural
200a,light,3.41,1.73,4.31,Basal,Leading,rural
200a,medium,0,7.48,3.53,Basal,Leading,rural
200a,light,0,9.84,2.76,Basal,Leading,rural
200a,light,0,12.28,0,Basal,Leading,rural
200a,medium,3.42,5.22,2.21,Middle,Leading,rural
200a,medium,0,11.49,0.79,Distal,Leading,rural
200a,medium,0,9.04,0,Basal,Trailing,rural
200a,light,0,1.79,11.06,Basal,Trailing,rural
200a,light,0,3.45,10.2,Basal,Trailing,rural
200a,medium,7.61,2.21,10.43,Middle,Trailing,rural
200a,medium,0,19.3,2.82,Distal,Trailing,rural
200a,medium,2.27,15.38,2.81,Distal,Trailing,rural
200b,light,0,4.76,2.83,Basal,Leading,rural
200b,medium,0,9.78,1.84,Basal,Leading,rural
200b,light,9.38,7.07,0,Middle,Leading,rural
200b,light,8.12,10.8,0,Distal,Leading,rural
200b,medium,9.75,8..88,0,Distal,Leading,rural
200b,light,0,14.37,4.91,Distal,Leading,rural
200b,light,15.2,3.76,0,Distal,Leading,rural
200b,light,0,11.58,0,Basal,Trailing,rural
200b,medium,0,13.46,0,Basal,Trailing,rural
200b,light,3.44,11.64,0,Basal,Trailing,rural
200b,light,6.63,5.83,0,Middle,Trailing,rural
200b,light,8.68,3.36,0,Middle,Trailing,rural
200b,light,7.33,4.2,0,Middle,Trailing,rural
200b,light,7.69,5.7,0,Middle,Trailing,rural
200b,light,5.72,7.45,0,Middle,Trailing,rural
200b,light,4.54,8.31,0,Distal,Trailing,rural
200b,light,0,13.55,0,Distal,Trailing,rural
200c,light,2.8,2.15,1.78,Distal,Leading,rural
200c,light,5.33,2.35,0,Distal,Leading,rural
200c,light,9.79,13.59,4.08,Distal,Trailing,rural
200k,medium,0,1.81,4.92,Basal,Leading,rural
200k,light,5.06,11.76,5.88,Middle,Trailing,rural
200k,light,0.66,4.47,3.84,Distal,Trailing,rural
223,light,4.03,6.97,0,Basal,Leading,urban
223,light,2.72,9.11,0,Basal,Leading,urban
223,light,4.05,8.39,0,Basal,Leading,urban
223,light,4.12,8.17,0,Basal,Leading,urban
223,light,4.09,8.53,0,Basal,Leading,urban
223,light,0,10.28,0,Basal,Leading,urban
223,light,0,11.83,0,Distal,Leading,urban
223,light,0,10.98,0,Distal,Leading,urban
232,light,10.75,2.76,1.73,Middle,Leading,rural
232,light,0,3.1,11.86,Middle,Leading,rural
232,medium,6.34,4.19,5.36,Middle,Leading,rural
232,light,9.01,3.53,0.97,Distal,Leading,rural
232,light,1.89,9.98,5.68,Middle,Trailing,rural
232,light,0,13.63,6.1,Middle,Trailing,rural
232,light,2.4,7.41,7.7,Distal,Trailing,rural
232,light,0,12.27,6.42,Distal,Trailing,rural
232,light,0,5.64,14.17,Distal,Trailing,rural
232,light,0,12.83,7.71,Distal,Trailing,rural
232,light,0,13.38,7.13,Distal,Trailing,rural
232,medium,0,13.95,6.73,Distal,Trailing,rural
232,light,1.53,11.8,3.08,Distal,Trailing,rural
235,medium,12.14,4.18,0,Middle,Trailing,rural
253c,light,3.6,5.68,0,Basal,Leading,NA
253c,light,2.68,3.56,0,Middle,Leading,NA
253c,medium,4.26,1.47,1.66,Middle,Leading,NA
253c,light,0,19.25,0,Basal,Trailing,NA
253c,medium,0,21.69,0,Basal,Trailing,NA
253c,light,0,16.97,7.86,Basal,Trailing,NA
253c,light,0,19.97,4.12,Basal,Trailing,NA
253c,light,0,7.66,15.24,Basal,Trailing,NA
255,light,17.01,9.3,0,Basal,Trailing,urban
256,NA,NA,NA,NA,NA,NA,urban
264,medium,1.99,1.81,7.45,Middle,Leading,rural
264,medium,6.44,2.5,2.64,Middle,Leading,rural
264,medium,1.05,10.78,0,Middle,Leading,rural
264,light,6.59,2.52,3.82,Middle,Leading,rural
264,medium,6.19,1.69,4.89,Distal,Leading,rural
264,medium,5.06,11.69,0,Middle,Trailing,rural
264,light,9.65,6.1,2.66,Middle,Trailing,rural
264,light,8.18,12.46,0,Middle,Trailing,rural
264,medium,10.83,1.92,5.7,Distal,Trailing,rural
269,medium,0.96,3.06,0,Basal,Leading,rural
269,medium,2.49,10.76,0,Basal,Leading,rural
269,medium,3.18,9.98,2.25,Basal,Leading,rural
269,medium,5.16,5.99,4.56,Basal,Leading,rural
269,medium,0,10.29,5.24,Basal,Leading,rural
269,strong,0,14.08,0,Middle,Leading,rural
269,medium,0,14.66,0,Middle,Leading,rural
269,medium,0,4.39,9.3,Middle,Leading,rural
269,light,0,14.05,0,Middle,Leading,rural
269,medium,0,10.78,1.38,Distal,Leading,rural
269,medium,0,15.45,0,Middle,Trailing,rural
269,light,0,15.11,0,Middle,Trailing,rural
269,light,2.52,11.31,0,Middle,Trailing,rural
269,light,0,14.35,0,Middle,Trailing,rural
274,medium,3.89,3.64,6.38,Distal,Leading,urban
274,light,0,9.75,18.09,Distal,Leading,urban
277,medium,6.77,7.06,1.73,Basal,Leading,rural
277,medium,0,2.15,13.39,Basal,Leading,rural
277,medium,5.98,8.76,0,Basal,Leading,rural
277,light,7.74,7.29,0,Middle,Leading,rural
277,light,7.81,7.33,0,Middle,Leading,rural
277,medium,3.62,11.09,0,Middle,Leading,rural
277,light,2.59,9.17,2.35,Distal,Leading,rural
277,medium,4.21,1.67,6.29,Basal,Trailing,rural
277,medium,6.28,3.09,5.65,Basal,Trailing,rural
277,light,10.39,6.08,0,Basal,Trailing,rural
277,medium,9.33,3.17,3.98,Basal,Trailing,rural
277,medium,6.04,9.15,2.55,Middle,Trailing,rural
277,light,0,3.41,17.58,Middle,Trailing,rural
277,medium,4.43,14.41,3.36,Middle,Trailing,rural
277,light,0,5.01,17.62,Distal,Trailing,rural
277,light,2.41,4.18,16.96,Distal,Trailing,rural
277,light,0,22.35,0,Distal,Trailing,rural
278,medium,5.71,8.35,1.25,Basal,Leading,rural
278,medium,10.56,2.38,1.94,Basal,Leading,rural
278,light,6.52,8.84,0,Basal,Leading,rural
278,medium,8.4,1.58,2.39,Middle,Leading,rural
278,light,7.63,2.7,1.63,Middle,Leading,rural
278,light,0,10.24,3.42,Middle,Leading,rural
278,light,6.92,6.79,0,Distal,Leading,rural
278,light,12.15,3.64,1.09,Distal,Leading,rural
278,light,3.38,8.58,0,Distal,Leading,rural
278,light,6.01,7.22,0,Distal,Leading,rural
278,light,2.52,10.37,0,Distal,Leading,rural
278,light,6.04,4.47,2.97,Distal,Leading,rural
278,light,4.66,5.67,3.34,Distal,Leading,rural
278,light,3.18,9.12,0,Distal,Leading,rural
278,medium,7.43,8.1,4.55,Basal,Trailing,rural
278,medium,12.58,3.48,7.24,Middle,Trailing,rural
278,light,18.57,3.08,3.68,Middle,Trailing,rural
278,light,17.12,4.14,5.16,Middle,Trailing,rural
278,light,14.53,5.45,7.58,Distal,Trailing,rural
279,NA,NA,NA,NA,NA,NA,rural
296,light,4.26,5.65,1.57,Basal,Leading,urban
296,light,0.82,3.87,5.2,Basal,Leading,urban
298,light,15.69,4.29,0,Basal,Trailing,urban
298,light,3.32,5.14,15.2,Basal,Trailing,urban
299,medium,4.61,3.35,0,Basal,Leading,urban
299,medium,5.06,2.58,0,Middle,Leading,urban
299,light,0,13.82,3.33,Basal,Trailing,urban
299,medium,0,7.14,11.83,Basal,Trailing,urban
299,medium,6.51,13.71,1.85,Middle,Trailing,urban
299,medium,9.83,8.26,5.94,Middle,Trailing,urban
299,medium,10.26,6.07,7.59,Distal,Trailing,urban
299,medium,13.86,9.71,0,Distal,Trailing,urban
299,medium,18.81,2.45,3.91,Distal,Trailing,urban
302,medium,9.81,2.31,1.87,Middle,Leading,rural
302,medium,11.05,2.81,0,Middle,Leading,rural
302,light,6.3,6.28,1.2,Distal,Leading,rural
302,light,7.04,3.5,2.39,Distal,Leading,rural
302,light,3.55,4.02,5.7,Distal,Leading,rural
303,light,2.75,3.29,1.96,Basal,Leading,rural
303,light,5.13,5.25,0,Basal,Leading,rural
303,light,0,11.87,0,Basal,Leading,rural
303,light,0,12.32,0,Basal,Leading,rural
303,light,9.06,3.58,0,Basal,Leading,rural
303,light,5.42,3.49,2.89,Basal,Leading,rural
303,light,2.26,14.77,2.81,Basal,Trailing,rural
303,light,3.35,17.23,4.86,Basal,Trailing,rural
303,medium,6.99,23.88,3.13,Middle,Trailing,rural
303,medium,20.58,12.29,NA,Middle,Trailing,rural
303,medium,8.23,3.23,19.7,Middle,Trailing,rural
303,medium,0,19.86,0,Distal,Trailing,rural
304,NA,NA,NA,NA,NA,NA,rural
307,light,4.11,3.88,1.38,Basal,Leading,rural
307,light,4.19,3.2,0,Basal,Leading,rural
307,light,1.77,2.82,2.62,Basal,Leading,rural
307,medium,0.97,1.39,17.89,Basal,Trailing,rural
307,light,0,13.66,0,Distal,Trailing,rural
308,light,5.79,4.34,0,Basal,Leading,rural
308,light,5.45,7.24,0,Basal,Leading,rural
308,light,6.27,7.31,0,Basal,Leading,rural
308,light,9.11,3.49,1.97,Basal,Leading,rural
308,light,0,1.78,12.53,Middle,Leading,rural
308,light,0,15.87,1.96,Distal,Leading,rural
308,medium,0.99,8.94,16.23,Distal,Trailing,rural
308,light,0,18.27,0,Distal,Trailing,rural
312,NA,NA,NA,NA,NA,NA,urban
337,medium,3.02,2.07,0,Basal,Leading,rural
351,medium,12.5,2.71,1.21,Middle,Leading,rural
353,light,0,11.94,0,Distal,Leading,rural
353,medium,7.73,3.31,1.82,Distal,Leading,rural
353,medium,2.42,6.71,4.17,Distal,Leading,rural
353,medium,1.02,1.63,6.81,Distal,Leading,rural
353,medium,0,5.19,18.15,Distal,Trailing,rural
353,medium,0,1.92,18.4,Distal,Trailing,rural
355,light,1.38,8.14,3.22,Distal,Leading,rural
360b,light,0,7.17,6.85,Basal,Leading,urban
360b,medium,3.1,2.05,12.59,Distal,Leading,urban
360b,medium,14.1,1.16,2.2,Basal,Trailing,urban
360b,light,12.72,3.09,0,Distal,Trailing,urban
360b,medium,6.8,5.2,4.45,Distal,Trailing,urban
360b,medium,7.55,1.81,3.37,Distal,Trailing,urban
367b,NA,NA,NA,NA,NA,NA,urban
374,medium,5.66,1.69,1.15,Distal,Leading,rural
374,medium,8.22,17.88,2.08,Distal,Trailing,rural
374,medium,2.5,20.02,4.34,Distal,Trailing,rural
374,medium,15.21,7.06,2.78,Distal,Trailing,rural
374,medium,12.91,7.54,1.77,Distal,Trailing,rural
374,medium,8.31,11.5,2.23,Distal,Trailing,rural
375,medium,1.13,4.51,10.97,Middle,Leading,rural
375,medium,3.89,7.59,4.2,Middle,Leading,rural
377,light,3.85,12.26,3.7,Basal,Trailing,rural
377,light,9.14,5.44,17.78,Distal,Trailing,rural
377,light,5.29,8.03,19.54,Distal,Trailing,rural
377,light,5.71,16.42,10.81,Distal,Trailing,rural
377,light,13.66,7.15,11.33,Distal,Trailing,rural
377,light,6.54,11.25,12.48,Distal,Trailing,rural
377,light,16.58,4.16,9.27,Distal,Trailing,rural
377,light,13.06,8.44,8.35,Distal,Trailing,rural
377,light,3.64,13.92,7.56,Distal,Trailing,rural
377,light,3.27,13.58,6.14,Distal,Trailing,rural
384c,medium,0,2.11,7.63,Middle,Leading,urban
384c,medium,2.59,2.54,4.71,Middle,Leading,urban
384c,medium,7.88,2.47,0,Middle,Leading,urban
384c,medium,7.64,2.37,0,Middle,Leading,urban
384c,medium,4.22,4.28,4.08,Distal,Leading,urban
384c,light,4.3,3.95,6.96,Basal,Trailing,urban
384c,medium,4.62,20.5,0,Middle,Trailing,urban
384c,medium,1.86,2.47,18.97,Middle,Trailing,urban
384c,medium,0,2.1,21.65,Middle,Trailing,urban
384c,medium,8.8,17.86,0,Middle,Trailing,urban
384c,medium,2.87,2.3,17.79,Middle,Trailing,urban
384c,medium,2.05,2.58,20.71,Middle,Trailing,urban
384c,medium,0,2.02,22.94,Distal,Trailing,urban
384c,medium,2.69,1.67,20.83,Distal,Trailing,urban
384c,medium,1.95,2.91,20.21,Distal,Trailing,urban
384c,medium,2.17,2.39,19.8,Distal,Trailing,urban
391,light,5.4,5.79,4.05,Distal,Leading,rural
391,light,1.96,2.85,8.65,Distal,Leading,rural
391,light,2.12,2.69,7.89,Distal,Leading,rural
391,light,2.34,3.45,7.79,Distal,Leading,rural
391,light,2.23,2.4,7.82,Distal,Leading,rural
391,light,4.68,5.16,1.94,Distal,Leading,rural
391,light,1.03,3.34,23.48,Distal,Trailing,rural
391,light,2.88,9.79,15.39,Distal,Trailing,rural
391,light,0,5.98,20.39,Distal,Trailing,rural
391,light,0,7.22,18.76,Distal,Trailing,rural
391,light,13.34,9.89,0,Distal,Trailing,rural
391,light,12.06,8.38,0,Distal,Trailing,rural
396a,medium,5.31,6.61,1.51,Basal,Leading,urban
396a,light,4.85,7.75,0.39,Basal,Leading,urban
396a,medium,8.18,5.53,0,Basal,Leading,urban
396a,medium,4.84,6.89,0.61,Middle,Leading,urban
396a,light,10.36,2.81,0.83,Distal,Leading,urban
396a,medium,4.04,10.59,0,Basal,Trailing,urban
396a,medium,1.37,13.25,0,Basal,Trailing,urban
396a,medium,9.16,3.5,3.8,Middle,Trailing,urban
396a,medium,10.21,2.89,2.75,Middle,Trailing,urban
396a,light,17.64,2.97,3.51,Distal,Trailing,urban
396a,light,13.83,5.69,6.5,Distal,Trailing,urban
396a,light,15.44,2.89,7.8,Distal,Trailing,urban
396b,medium,13.53,2.14,0,Distal,Leading,urban
396b,medium,15.87,2.55,1.82,Middle,Trailing,urban
396b,light,10.89,6.61,7.26,Middle,Trailing,urban
396b,light,16.52,4.52,4.39,Middle,Trailing,urban
396b,light,1.97,18.04,6.21,Middle,Trailing,urban
396b,light,13.5,7.51,7.78,Distal,Trailing,urban
396b,light,12.56,6.44,10.95,Distal,Trailing,urban
396b,medium,19.53,3.39,4.26,Distal,Trailing,urban
398,medium,0,2.63,8.89,Middle,Leading,rural
398,light,8.54,2.54,2.06,Middle,Leading,rural
398,light,4.49,8.68,0,Distal,Leading,rural
398,medium,0,2.17,16.19,Basal,Trailing,rural
399,light,4.77,4.28,17.66,Middle,Trailing,urban
399,light,10.05,7.75,9.31,Middle,Trailing,urban
399,light,0,6.4,12.91,Distal,Trailing,urban
400,light,0,3.18,23.6,Middle,Trailing,rural
400,light,0,3.34,21.96,Middle,Trailing,rural
400,light,0,4.46,17.83,Distal,Trailing,rural
400,light,0,2.28,16.96,Distal,Trailing,rural
401a,light,3.05,5.65,0,Basal,Leading,urban
401a,light,9.5,3.37,0,Basal,Leading,urban
401a,medium,8.75,7.36,0,Basal,Leading,urban
401a,medium,5.11,4.47,5.66,Middle,Leading,urban
401a,medium,3.41,2.09,9.75,Middle,Leading,urban
401a,medium,2.97,13.97,0,Distal,Leading,urban
401a,medium,6.56,7.06,2.56,Distal,Leading,urban
401a,medium,0.87,9.54,5.95,Distal,Leading,urban
401a,light,4.85,7.46,0,Distal,Leading,urban
401a,medium,0,24.94,1.36,Basal,Trailing,urban
401a,light,13.3,3.81,9.39,Basal,Trailing,urban
401a,light,4.6,2.26,19.87,Middle,Trailing,urban
401a,light,15.53,4.73,6.29,Middle,Trailing,urban
401a,light,5.26,15.92,6.11,Middle,Trailing,urban
401a,medium,0,22.58,1.8,Distal,Trailing,urban
401a,light,0,15.31,0,Distal,Trailing,urban
401a,light,4.88,8.48,0,Distal,Trailing,urban
401b,medium,10.06,3.18,0,Middle,Leading,rural
401b,light,10.36,1.88,1.7,Middle,Leading,rural
401b,medium,9.94,5.7,4.56,Basal,Trailing,rural
401b,medium,2.08,1.47,17.4,Basal,Trailing,rural
401b,light,10.4,4.03,9.33,Middle,Trailing,rural
401b,medium,8.56,3.38,14.01,Middle,Trailing,rural
401b,medium,19.32,4.03,3.16,Distal,Trailing,rural
401b,strong,10.64,1.91,8.83,Distal,Trailing,rural
401c,medium,0,4.12,2.22,Basal,Leading,rural
401c,medium,10.06,2.45,0,Basal,Leading,rural
401c,medium,3.04,1.59,7.76,Basal,Leading,rural
401c,medium,0,9.2,3.18,Middle,Leading,rural
401c,medium,0,3.27,10.26,Distal,Leading,rural
401c,light,0,7.45,10.43,Middle,Trailing,rural
403,light,7.18,1.69,4.21,Distal,Leading,urban
403,light,3.23,2.95,7.06,Distal,Leading,urban
403,light,7.77,2.09,3.06,Distal,Leading,urban
403,light,3.88,2.96,5.82,Distal,Leading,urban
403,light,1.22,7.94,4.25,Distal,Leading,urban
403,light,6.68,2.71,2.47,Distal,Leading,urban
403,light,1.98,3.83,5.07,Distal,Leading,urban
404,light,11.9,0.89,0,Basal,Leading,urban
404,light,10.11,2.21,0,Middle,Leading,urban
404,light,10.29,1.69,0.45,Middle,Leading,urban
404,medium,1.21,2.2,8.9,Middle,Leading,urban
404,light,1.64,4.03,12.42,Basal,Trailing,urban
404,light,0,2.7,16.25,Basal,Trailing,urban
404,light,1.44,1.67,16.6,Basal,Trailing,urban
404,light,0,1.75,20.33,Basal,Trailing,urban
404,medium,0,2.37,20.74,Middle,Trailing,urban
404,medium,0,1.63,24.47,Middle,Trailing,urban
405,medium,15.5,3.16,7.42,Basal,Trailing,rural
406a,medium,9.94,2.32,0.83,Middle,Leading,rural
406b,light,7.1,3.55,2.72,Middle,Leading,rural
406b,light,8.46,5.49,0,Middle,Leading,rural
406b,light,1.46,2.14,10.72,Middle,Leading,rural
406b,light,4.85,10.2,0,Middle,Leading,rural
406b,light,13.34,6.42,0,Middle,Trailing,rural
406b,light,12.85,3.95,2.71,Middle,Trailing,rural
406b,light,10.57,9.67,0,Middle,Trailing,rural
406b,light,15.08,6.96,0,Middle,Trailing,rural
406b,light,18.43,2.6,1.62,Distal,Trailing,rural
406e,medium,0,1.88,25.14,Middle,Trailing,rural
407,NA,NA,NA,NA,NA,NA,rural
408,NA,NA,NA,NA,NA,NA,rural
409,light,9.81,5.58,0,Basal,Leading,urban
409,light,13.71,2.38,0,Basal,Leading,urban
409,light,2.42,1.35,10.54,Distal,Leading,urban
409,light,0,6.25,8.35,Distal,Leading,urban
409,light,10.16,5.94,1.94,Basal,Trailing,urban
409,light,10.56,8.99,0,Basal,Trailing,urban
409,light,9.6,6.09,0,Basal,Trailing,urban
409,light,6.01,8.47,5.19,Basal,Trailing,urban
409,light,5.58,12.91,0,Middle,Trailing,urban
409,light,5.86,9.93,0,Middle,Trailing,urban
409,light,12.85,6.27,0,Middle,Trailing,urban
410,medium,0,3.79,10.29,Middle,Leading,urban
410,medium,12.12,1.04,0.75,Middle,Leading,urban
410,medium,0,1.36,12.14,Middle,Leading,urban
410,light,13.39,1.26,0,Basal,Leading,urban
410,light,0,1.01,13.09,Basal,Leading,urban
410,medium,10.92,2.29,6.11,Basal,Trailing,urban
410,light,14.62,2.39,1.75,Basal,Trailing,urban
410,light,4.52,11.6,4.65,Basal,Trailing,urban
413b,light,0.51,10.06,5.57,Basal,Leading,urban
413b,medium,1.83,13.18,4.72,Basal,Leading,urban
413b,light,0,4.96,8.4,Basal,Trailing,urban
413b,light,1.17,3.58,9.77,Basal,Trailing,urban
413b,strong,9.19,4.47,0,Basal,Trailing,urban
418a,NA,NA,NA,NA,NA,NA,urban
418b,light,0,12.61,0,Distal,Leading,urban
418b,light,5.79,7.31,0,Distal,Leading,urban
426a,light,3.37,7.64,2.36,Basal,Leading,urban
426a,light,0,1.93,11.03,Basal,Leading,urban
426a,light,0,1.57,11.76,Middle,Leading,urban
426a,medium,0,5.18,8.7,Middle,Leading,urban
426a,strong,1.77,12.44,0,Middle,Leading,urban
426a,medium,1.81,10.78,0,Middle,Leading,urban
426a,light,8.06,5.95,0,Distal,Leading,urban
426a,light,1.58,11.5,0,Distal,Leading,urban
426a,light,6.51,7.41,0,Distal,Leading,urban
426a,strong,3.34,7.35,0.96,Distal,Leading,urban
426a,medium,3.6,1.84,11.68,Middle,Trailing,urban
426a,medium,1.71,3.77,11.18,Middle,Trailing,urban
426a,light,8.11,8.52,0,Middle,Trailing,urban
426a,medium,1.97,14.97,0,Middle,Trailing,urban
426a,light,3.21,12.57,0,Middle,Trailing,urban
426a,light,6.76,8.41,1.46,Middle,Trailing,urban
426a,light,6.75,7.82,1.94,Middle,Trailing,urban
426a,light,1.68,6.46,10.67,Distal,Trailing,urban
426a,light,6.76,8.14,2.89,Distal,Trailing,urban
426a,light,2.33,14.86,0.94,Distal,Trailing,urban
426a,light,3.89,11.73,3.45,Distal,Trailing,urban
426a,medium,0.49,17.36,0,Distal,Trailing,urban
426a,light,5.29,10.19,1.13,Distal,Trailing,urban
426a,light,7.98,9.04,0,Distal,Trailing,urban
426a,light,7.82,7.94,0,Distal,Trailing,urban
426a,light,8.01,9.05,0,Distal,Trailing,urban
426a,medium,0.83,15.86,0,Distal,Trailing,urban
426a,light,6.15,10.75,0,Distal,Trailing,urban
426a,medium,0.77,13.72,0,Distal,Trailing,urban
435,medium,12.46,16.7,0,Middle,Trailing,rural
436,medium,4.4,4.05,17.38,Distal,Trailing,urban
436,strong,0,7.95,8.02,Distal,Trailing,urban
439,light,1.84,10.45,0,Basal,Leading,urban
439,light,2.01,9.15,0,Basal,Leading,urban
439,light,5.1,11.34,0,Basal,Trailing,urban
439,strong,6.7,6.28,2.74,Basal,Trailing,urban
439,light,6.24,5.2,6.24,Basal,Trailing,urban
441,medium,0,6.2,2.99,Basal,Trailing,urban
441,medium,0,14.06,5.6,Basal,Trailing,urban
441,light,11.47,16.41,0,Distal,Trailing,urban
441,light,10.41,4.83,13.57,Distal,Trailing,urban
441,light,0,5.81,0,Distal,Leading,urban
444a,light,7.37,5.29,0,Basal,Leading,urban
444a,light,1.86,4.77,8.26,Basal,Leading,urban
444b,light,3.85,8.19,0,Basal,Leading,urban
444b,light,19.53,5.63,0,Middle,Trailing,urban
444b,light,17.82,6.15,0,Basal,Trailing,urban
444b,light,17.49,2.55,0,Basal,Trailing,urban
444b,light,16.81,3.01,0,Basal,Trailing,urban
444b,light,13.84,3.63,0,Basal,Trailing,urban
444c,NA,NA,NA,NA,NA,NA,urban
445b,NA,NA,NA,NA,NA,NA,urban
446a,light,5.42,3.33,0,Basal,Leading,urban
446a,light,7.31,3.86,0,Basal,Leading,urban
446a,light,6.95,3.18,1.91,Distal,Leading,urban
446a,medium,4.77,9.75,0,Distal,Leading,urban
446a,strong,0,26.31,0,Distal,Trailing,urban
448,light,0,15.66,0,Middle,Leading,rural
448,light,2.95,13.85,0,Middle,Leading,rural
449b,light,0,4.98,7.56,Middle,Leading,urban
453,light,0,31.35,0,Distal,Trailing,urban
453,light,3.52,10.22,3.74,Distal,Trailing,urban
455,light,,15.91,,Distal,Trailing,urban
455,light,,6.58,,Distal,Trailing,urban
455,medium,,11.5,,Distal,Trailing,urban
461b,light,0,2.94,20.27,Distal,Trailing,urban
461b,light,3.98,8.86,9.71,Distal,Trailing,urban
461b,light,0,5.28,12.69,Distal,Trailing,urban
464,light,11.33,2.72,0.43,Distal,Leading,urban
464,light,11.24,2.89,1.74,Distal,Leading,urban
464,light,3.08,4.61,5.92,Basal,Trailing,urban
467a,medium,1.08,6.01,0.83,Basal,Leading,urban
467a,light,3.71,3.24,0.9,Middle,Leading,urban
467a,light,4.29,3.32,0,Middle,Leading,urban
467c,medium,0,11.23,0,Basal,Leading,urban
467c,light,0,8.27,6.49,Middle,Leading,urban
467c,light,9.73,3.72,0,Middle,Leading,urban
467c,medium,0,4.74,9.27,Distal,Leading,urban
467c,light,0,5.04,7.25,Distal,Leading,urban
467c,light,0,6.86,4.66,Distal,Leading,urban
467c,medium,3.56,21.46,0,Basal,Trailing,urban
467c,light,5.19,19.5,0,Middle,Trailing,urban
467c,light,0,25.55,0,Middle,Trailing,urban
467c,medium,0,4.65,18.38,Distal,Trailing,urban
467c,medium,0,8.36,8.72,Distal,Trailing,urban
467c,medium,5.04,2.26,7.4,Distal,Trailing,urban
468,NA,NA,NA,NA,NA,NA,urban
470,NA,NA,NA,NA,NA,NA,urban
471,strong,0,15.35,0,Basal,Trailing,NA
471,medium,2.35,22.59,0,Middle,Trailing,NA
471,medium,0,2.82,0,Middle,Leading,NA
473c,light,0,7.98,1.24,Distal,Trailing,rural
473c,light,3.89,3.67,0.77,Distal,Trailing,rural
473c,medium,0,23.53,0,Middle,Trailing,rural
473i,medium,10.75,8.83,1.18,Distal,Trailing,rural
473l,light,11.67,1.33,0,Middle,Leading,rural
473l,light,4.8,7.89,1.22,Distal,Leading,rural
473l,light,12.19,3.71,"3,74",Distal,Trailing,rural
477,medium,0.76,3.6,7.86,Basal,Leading,urban
477,medium,2.63,7.6,0.5,Middle,Leading,urban
477,light,9.41,1.81,0,Middle,Leading,urban
477,light,3.66,3.25,12.86,Basal,Trailing,urban
477,light,9.41,11.41,0,Basal,Trailing,urban
477,light,14.54,7.73,2.54,Middle,Trailing,urban
477,light,4.73,14.01,5.48,Middle,Trailing,urban
477,light,6.89,14.24,9.99,Middle,Trailing,urban
477,medium,13.64,5.22,10.68,Distal,Trailing,urban
477,medium,22.53,3.76,3.37,Distal,Trailing,urban
477,medium,24.95,2.54,1.16,Distal,Trailing,urban
477,light,2.19,2.57,23.09,Distal,Trailing,urban
477,medium,9.77,4.67,15.04,Distal,Trailing,urban
477,medium,17.36,3.38,8.78,Distal,Trailing,urban
477,light,27.06,1.98,0,Distal,Trailing,urban
478,light,6.31,3.84,1.75,Basal,Leading,urban
478,medium,5.97,10.13,0.69,Middle,Leading,urban
478,medium,7.76,4.45,2.11,Middle,Leading,urban
478,light,10.12,3.68,0.98,Distal,Leading,urban
478,light,10.27,2.24,1.11,Distal,Leading,urban
478,light,0.94,7.11,2.45,Basal,Trailing,urban
478,light,8.2,4.91,6.83,Middle,Trailing,urban
478,light,4.76,17.34,2.61,Middle,Trailing,urban
478,light,0,23.73,0,Distal,Trailing,urban
479,light,6.99,7.36,0,Middle,Leading,urban
479,light,11.87,1.44,0,Middle,Leading,urban
479,medium,2.51,12.05,0,Distal,Leading,urban
479,light,16.22,3.1,1.6,Middle,Trailing,urban
479,medium,4.99,18.61,0.93,Distal,Trailing,urban
505,medium,13.18,2.96,5.62,Middle,Trailing,rural
506,NA,NA,NA,NA,NA,NA,urban
525,NA,NA,NA,NA,NA,NA,urban
529,NA,NA,NA,NA,NA,NA,urban
532a,strong,0,7.45,11.31,Basal,Trailing,urban
532a,medium,0,2.68,13.45,Middle,Trailing,urban
532a,light,0,1.76,17.69,Distal,Trailing,urban
532a,strong,NA,NA,NA,NA,NA,urban
532b,light,0,8.24,0,Basal,Trailing,urban
532b,medium,0,10.92,2.89,Basal,Trailing,urban
532b,medium,0,2.89,14.07,Distal,Trailing,urban
532b,light,0,3.88,0,Basal,Leading,urban
532b,light,0,1.64,0,Distal,Leading,urban
533,light,9.19,10.87,9.38,Distal,Trailing,urban
533,light,9.52,16.97,10.24,Distal,Trailing,urban
533,light,6.6,16.59,8.15,Distal,Trailing,urban
533,light,7.72,16.29,5.7,Distal,Trailing,urban
533,light,7.18,22.16,0,Distal,Trailing,urban
533,light,5.46,20.33,5,Distal,Trailing,urban
533,light,8.35,10.62,7.42,Distal,Trailing,urban
533,light,6.51,12.53,2.94,Distal,Trailing,urban
535,NA,NA,NA,NA,NA,NA,rural
536,medium,5.98,6.38,2.03,Distal,Leading,urban
538a,medium,0,6.59,1.06,Basal,Leading,rural
538a,medium,0,18.06,0,Basal,Leading,rural
538a,medium,2.51,2.47,11.47,Middle,Leading,rural
538a,light,4.54,11.42,1.77,Middle,Leading,rural
538a,light,7.92,7.27,0,Middle,Leading,rural
538a,strong,0,15.49,0,Middle,Leading,rural
538a,medium,4.73,4.77,5.04,Middle,Leading,rural
538a,medium,7.69,5.8,0.88,Middle,Leading,rural
538a,light,9.94,5.13,0.92,Middle,Leading,rural
538a,light,8.9,4.02,1.31,Middle,Leading,rural
538a,medium,9.35,6.42,0,Distal,Leading,rural
538a,light,10.82,1.77,0,Distal,Leading,rural
538a,medium,0,12.68,0,Distal,Leading,rural
538a,medium,0,2.72,12.06,Basal,Trailing,rural
538a,light,5.49,6.95,3.62,Basal,Trailing,rural
538a,light,2.13,8.71,2.45,Middle,Trailing,rural
538a,light,1.82,14.98,0,Middle,Trailing,rural
538a,light,6.96,8.95,0,Middle,Trailing,rural
538a,light,7.64,8.61,0,Middle,Trailing,rural
538a,medium,2.71,15.09,0,Middle,Trailing,rural
538a,medium,6.88,10.34,0,Middle,Trailing,rural
538a,light,5.51,12.35,0,Middle,Trailing,rural
538a,light,4.32,13.83,0,Middle,Trailing,rural
538a,light,7.29,10.33,0,Middle,Trailing,rural
538a,medium,9.23,7.11,2.39,Middle,Trailing,rural
538a,light,14.09,2.97,0,Middle,Trailing,rural
538a,light,12.08,2.85,2.33,Middle,Trailing,rural
538a,medium,2.25,14.6,0,Distal,Trailing,rural
538a,medium,1.74,17.57,0,Distal,Trailing,rural
538a,medium,0,18.37,0,Distal,Trailing,rural
538a,light,9.53,5.27,1.46,Distal,Trailing,rural
538b,medium,0,2.72,13.57,Basal,Leading,rural
538b,light,4.35,9.07,4.7,Basal,Leading,rural
538b,light,5.86,4.73,5.82,Basal,Leading,rural
538b,light,9.23,4.77,0.95,Basal,Leading,rural
538b,light,0,4.49,11.81,Basal,Leading,rural
538b,light,2.74,6.53,7.14,Basal,Leading,rural
538b,light,8.56,5.42,1.93,Basal,Leading,rural
538b,light,11.62,2.99,0.68,Basal,Leading,rural
538b,strong,0,12.49,0,Middle,Leading,rural
538b,medium,4.35,6.91,0,Middle,Leading,rural
538b,medium,4.1,9.18,0,Middle,Leading,rural
538b,light,4.43,7.47,0.81,Middle,Leading,rural
538b,light,6.86,5.09,0.54,Middle,Leading,rural
538b,light,8.84,3.25,0.45,Middle,Leading,rural
538b,light,5.91,4.56,1.36,Middle,Leading,rural
538b,medium,2.38,7.65,0,Distal,Leading,rural
538b,medium,7.26,4.58,0,Distal,Leading,rural
538b,medium,2.49,9.58,0,Distal,Leading,rural
538b,light,9.31,4.15,0,Distal,Leading,rural
538b,medium,3.54,8.04,0,Distal,Leading,rural
538b,strong,4.31,12.43,0,Middle,Trailing,rural
538b,medium,1.62,1.92,8.18,Distal,Trailing,rural
538b,medium,5.22,1.85,5.56,Distal,Trailing,rural
538b,medium,0,14.7,0,Distal,Trailing,rural
538b,medium,4.25,15.13,0,Distal,Trailing,rural
538b,light,4.31,12.08,3.18,Distal,Trailing,rural
538b,light,5.07,3.74,9.11,Distal,Trailing,rural
538b,medium,3.64,9.36,3.93,Distal,Trailing,rural
539,medium,1.74,5.36,5.87,Basal,Leading,urban
539,light,2.49,11.58,0,Basal,Leading,urban
539,light,6.97,11.77,0,Basal,Leading,urban
539,medium,0,9.43,10.06,Middle,Leading,urban
539,medium,7.19,8.69,3.61,Middle,Leading,urban
539,light,1.54,10.8,1.04,Basal,Trailing,urban
539,light,4.77,9.94,0,Basal,Trailing,urban
539,medium,0,7.16,8.53,Middle,Trailing,urban
541a,light,NA,NA,NA,NA,NA,urban
541c,light,0,25.27,0,Basal,Trailing,urban
541c,light,21.46,8.74,0,Basal,Trailing,urban
541c,light,0,4.33,20.17,Middle,Trailing,urban
541c,strong,8.55,3.08,0,Basal,Leading,urban
541c,light,0,3.09,13.09,Basal,Leading,urban
541c,light,0,6.82,9.8,Basal,Leading,urban
541c,light,0,5.46,13.17,Middle,Leading,urban
541c,medium,0,8.22,9.43,Middle,Leading,urban
541c,light,0,12.04,3.92,Distal,Leading,urban
541c,light,3.69,8.39,0,Distal,Leading,urban
541c,light,4.4,7.67,0,Distal,Leading,urban
543a,medium,0,4.74,7.1,Basal,Trailing,urban
543a,medium,0,2.74,10.58,Basal,Leading,urban
545,strong,0,17.55,8.39,Distal,Trailing,urban
545,strong,2.04,5.81,1.68,Distal,Leading,urban
546,NA,NA,NA,NA,NA,NA,urban
547,NA,NA,NA,NA,NA,NA,urban
548,light,0,2.96,2.6,Basal,Leading,urban
548,light,0,3.16,5.22,Basal,Leading,urban
548,medium,0,3.32,8.37,Basal,Leading,urban
548,medium,0,1.78,8.87,Middle,Leading,urban
548,light,0,1.58,8.45,Middle,Leading,urban
548,medium,0,5.18,5.46,Middle,Leading,urban
548,light,0,1.2,7.86,Middle,Leading,urban
548,medium,0,1.05,15.09,Middle,Trailing,urban
548,light,0,18.24,5.28,Distal,Trailing,urban
552,strong,7.44,18.82,0,Distal,Trailing,urban
553,light,4.28,4.91,10.54,Basal,Trailing,urban
555,NA,NA,NA,NA,NA,NA,urban
556,medium,0,14.39,0,Middle,Leading,rural
557,NA,NA,NA,NA,NA,NA,rural
558,light,0,1.31,15.58,Distal,Trailing,rural
561,light,4.31,8.56,10.32,Basal,Trailing,rural
564,light,0,8.93,8.04,Distal,Trailing,rural
567,light,0,1.11,12.04,Distal,Leading,urban
567,light,0,7.22,6.55,Distal,Leading,urban
567,strong,0,12.73,0,Distal,Leading,urban
567,light,0,4.06,17.97,Distal,Trailing,urban
567,light,0,6.81,14.95,Distal,Trailing,urban
567,strong,0,8.26,11.94,Distal,Trailing,urban
568,NA,NA,NA,NA,NA,NA,urban
569,medium,2.25,2.59,15.2,Basal,Trailing,urban
569,medium,10.65,21.74,0,Distal,Trailing,urban
570,NA,NA,NA,NA,NA,NA,urban
571,NA,NA,NA,NA,NA,NA,urban
573,NA,NA,NA,NA,NA,NA,rural
574,NA,NA,NA,NA,NA,NA,rural
575b,light,5.79,15.95,0,Middle,Leading,urban
575b,light,5.71,24.4,0,Middle,Trailing,urban
575b,light,0,9.62,,Distal,Trailing,urban
576,strong,6.77,4.2,0,Basal,Leading,urban
576,medium,17.34,3.11,4.75,Middle,Trailing,urban
578b,NA,NA,NA,NA,NA,NA,urban
579,strong,4.65,1.64,0,Middle,Leading,urban
582,light,0,2.19,18.07,Distal,Trailing,rural
582,light,0,4.97,5.43,Distal,Leading,rural
584,NA,NA,NA,NA,NA,NA,urban
587b,NA,NA,NA,NA,NA,NA,urban
589,NA,NA,NA,NA,NA,NA,rural
590,light,2.69,4.4,3.85,Basal,Leading,rural
590,medium,13.29,3.49,0,Basal,Trailing,rural
591,light,12.4,11.35,0,Distal,Trailing,rural
591,light,10.93,6.62,4.1,Distal,Trailing,rural
591,medium,1.58,2.72,3.65,Basal,Leading,rural
593,NA,NA,NA,NA,NA,NA,urban
592,light,0,2.93,12.38,Distal,Leading,urban
595,strong,4.78,7.04,0,Middle,Leading,urban
595,strong,8.33,2.9,2.96,Distal,Leading,urban
597,light,5.35,2.62,0,Middle,Leading,urban
597,light,5.55,3.68,0,Middle,Leading,urban
600,medium,0,13.11,6.51,Basal,Trailing,rural
600,medium,0,11.55,6.77,Basal,Trailing,rural
600,strong,0,4.44,0,Basal,Leading,rural
601,light,1.74,7.98,17.14,Distal,Trailing,urban
601,light,0,13.87,10.52,Distal,Trailing,urban
601,light,0,5.66,8.76,Distal,Leading,urban
601,light,0,7.67,3.82,Distal,Leading,urban
603,strong,4.47,12.32,0,Middle,Leading,rural
603,medium,0,3.15,12.22,Middle,Leading,rural
603,strong,6.36,10.99,0,Middle,Leading,rural
603,light,10.06,5.81,0,Middle,Leading,rural
603,light,16.14,3.15,0,Basal,Trailing,rural
603,light,11.74,4.71,3.62,Basal,Trailing,rural
603,light,14.59,4.69,0,Basal,Trailing,rural
603,strong,13.17,9.84,0,Middle,Trailing,rural
603,light,10.97,6.91,0,Middle,Trailing,rural
604,NA,NA,NA,NA,NA,NA,urban
605,NA,4,16,0,Basal,Leading,urban
605,NA,6,17,0,Basal,Leading,urban
605,NA,4,19,0,Middle,Leading,urban
605,NA,6,17,0,Middle,Leading,urban
605,NA,17,4,0,Middle,Leading,urban
605,NA,13,9,0,Middle,Trailing,urban
605,NA,11,11,0,Basal,Trailing,urban
605,NA,12,7,0,Basal,Trailing,urban
605,NA,9,10,0,Basal,Trailing,urban
605,NA,8,10,0,Basal,Trailing,urban
606,NA,NA,NA,NA,NA,NA,urban
607,light,16.95,7.36,0,Middle,Trailing,urban
607,light,5.43,16.51,0,Distal,Trailing,urban
609,NA,NA,NA,NA,NA,NA,rural
611b,NA,NA,NA,NA,NA,NA,urban
611c,strong,0,12.89,14.87,Middle,Trailing,urban
611c,strong,0,8.95,20.03,Middle,Trailing,urban
611c,medium,0,23.8,6.1,Distal,Trailing,urban
614,light,0,1.25,10.16,Basal,Leading,urban
651b,light,7.6,1.98,0,Middle,Leading,urban
651b,light,0,9.38,0,Middle,Leading,urban
651b,medium,4.45,2.06,3.03,Middle,Leading,urban
651b,light,4.7,3.37,4.01,Distal,Leading,urban
651b,light,0,11.72,0,Distal,Leading,urban
651b,light,0,7.12,16.12,Basal,Trailing,urban
651b,medium,0,20.37,0,Middle,Trailing,urban
651b,medium,10.85,12.02,0,Middle,Trailing,urban
